random_id,text,ability_relevance,false_positive_words,false_positive_category
817456,"i am going to be real for a moment here and tell you what i do not want to tell you. give up. you have already given it your best shot. you read the books that you needed too and not just one 2 1/2 of them (don't feel bad about half of wind up bird chronicles, that book is long and he really had not moved away from being a short story writer to developing into a novelist, which i think he first does in hard boiled wonderland and the end of the world, though also i think he comes to maturity with kafka on the shore). as for one with interesting characters, that is really hard to say, since well you already read kafka on the shore which had a pimp cornell sanders, i mean come on that is some cool shit. and he really is into down on their luck, depressed characters whose lives are not at first extraordinary until they start talking to demigods. the issue of translation is a good one, and i am sure that the writing would be more rich in its original language (for instance one short story of his called something like on some april day i met the 100% perfect woman, in that japanese the title suggests both the meeting and never meeting of said perfect woman). so, here are some questions for you: do you like the traditional magical realists? (garcia marquez, borges, calvino) if so stick to them, they are already so concerned with translating that their words can speak across languages, if not go for that shit, and eat your fucking fill, it is like crack, literary crack. also, maybe try his short stories? i really like blind willow sleeping woman, some of those stories brought chills all over my body. but then again i often feel alienated, derealized, and quite depressed, melancholic, and find myself drawn towards writing about absence and that essential gap. really, don't feel bad (i am sure you don't really, but the sentiment still exists) not all writers are for everyone, maybe murakami just is not your style, and that is ok, in fact i think it is fucking awesome. and if all else fails try the other murakami the ryu version, though he may have suffered even more in translation, and is really only good if you like horror movies.",1,,
529425,look for the handicapped license plate. very rarely is it on a car driven by someone younger than the retirement age.,1,,
742210,if your school is a public school they should have a disability office. as long as you have paperwork from your doc you should get approved.,1,,
713949,"you should definitely check out the wonder years! awesome pop punk band who just relesed a new album called the greatest generation (should definitely check it out) i'm heading to the leeds date myself and i plan on checking out: cancer bats (for a 3rd time), bury tomorrow, the wonder years, chunk no captain chunk, kids in glass houses, mallory knox, deaf havana, we are the ocean and pierce the veil obviously clashes are to be expected but any way it works out i'll be seeing awesome bands.",1,,
290971,"the major reason that the us leads in maternal mortality is not related to the number of in-hospital births, but instead is due to the fact that many mothers with co-morbid conditions have poor care prior to pregnancy. contrast this with european countries, where every citizen has access to health care. you don't see as many poorly controlled type two diabetic mothers in these countries. it's not that american mothers are dying because they give birth in-hospital, but rather that the european women are healthier on average. i'd like to see universal health care (not *insurance*) before they send women to give birth at home.",1,,
250237,"those are only cool tricks to show your friends, let's explain why you don't need those unless you are mentally retarded. 1- just cut the damn cabbage, you're gonna cut it anyway 2- since the origin of times, to separate an egg, you hold the yolk in the shell and make the albumen drip playing around. 3- who the hell doesn't close their chips, that's one way like another 4- just lay the spoon on the side of the saucepan, or even inside, you don't even have gas cooker what do you worry about?? 5- wine is served room temperature, if you're a kid, just put it in the fridge! are you gonna put grapes in freezer instead?? 6- make 2 trips, yeah it's that easy for normal people. 7- that really reminds me of those dumb tv spots in black and white featuring retarded people dropping stuff.",1,,
677607,"i elaborated [here](http://www.reddit.com/r/trees/comments/1ztlzx/so_4_years_ago_today_i_traded_all_my_weed_for_a/cfwzqe9?context=3) about the circumstances of the whole thing. like i said, you have every right not to believe me, because aside from having the ferret, i have no proof. i could show you the bits of my house where we did some ferret proofing, but that still doesn't prove i'm out a bag of weed for him. i'm in canada, so i don't think we have petco up here. the petcetera in my city has marshall ferrets on sale for 300$. i would assume they're cheaper in the usa because they're bred in your country and are not subject to the different taxes and tariffs we have here. also, what good does reddit karma do me? if you check my post history, most of my shit is on the anarchist subreddits. it's not like i can go over there and say ""guys, i have all this fucking trees karma"". i'm here because today is an important day for me and i wanted to share.its a day off. i'm waiting for a bit more weed. thought i'd have a laugh. i come here for fun. if i wanted to karma whore, i'd post a cat or a photo of my tits or something. edit: also, him being blind and deaf does not decrease his value or worth. i had to make some minor adjustments to my living space, but that's not bad, it's just a bit different. he is just as lovely and good as any other ferret out there.",1,,
817312,"yes, in part the name came from a misinterpretation of their name, though many believe that this was a *purposeful* misinterpretation. in his letters back to spain and his description of the peoples, he emphasized their ""violent"" nature, though most scholars believe that he only did this due to wanting to create an excuse to get at the natural resources in the area. by labelling them as monsters who eat each other, he justified the church coming in to help convert the heathens and also labelled them as sub-human, justifying their enslavement. this is a well accepted interpretation of events by many anthropologists. &gt; two days after his ""conversation"" with the ""caribe"" he says: ""there is a great deal of copper on the island of caribe and on matinino, but it would be difficult to obtain it in caribe because the people eat human flesh"" (174). he even makes the extraordinary claim: ""i can see the island of caribe and have determined to go there, since it is on the course to the island of matinino, which is inhabited only by women"" (174). however, on january 16th as he leaves the new world, columbus discovers that the island of caribe remains tantalizingly out of reach, and he finally has to give up the search for the man-eaters: ""i was compelled to abandon the course that i believe was taking me to the island; i returned to the direct course for spain... 11 (177). &gt;the island of caribe, like its fierce man-eating inhabitants, exists only in columbus's imagination. but for the old world, his words defined the reality of the ""otro mundo."" his language created reality, his fiction became fact, his words gave birth to the man-eating cannibals/caribes --the ferocious natives of the new world. &gt;during february, 1493, on his homeward journey, columbus writes a letter reporting his extraordinary discoveries. this letter will quickly circulate throughout europe and serve as the first definition of the new world. near the end of the letter, he summarizes what he has found. he writes that he didn't find the normal monsters people expected, like one-eyed men and people with dogs' heads, but he did discover some even more exotic monsters-the caribes. he says: ""thus i have found no monsters, nor had a report of any, except in an island 'carib,' which is the second at the coming into the indies, and which is inhabited by people who are regarded in all the islands as very fierce and who eat human flesh"" (jane 200). &gt;why does columbus include among his wonderful discoveries the caribes and their island, a people he did not meet and an island he did not visit? a few lines later in the letter he lists the future gifts from the new world he will bring to the king and queen: gold, spices, cotton, mastic, aloe, and perhaps the most valuable gift of all--""slaves, as many as they shall order, and who will be from the idolaters."" who are ""the idolaters""? not the good indians he has met, who, as he says earlier in the letter, ""do not hold any creed nor are they idolaters."" the idolaters are, of course, the man-eating caribes. http://home.roadrunner.com/~jhartzog/cannibals.html http://en.wikipedia.org/wiki/columbus_letter_on_the_first_voyage",0,normal monsters,colonization
187836,"we moved onto a 4 acre lot with 4 mobile homes and a camper on it in the mountains of northern new mexico 20 years ago. my dad became good friends with the landlord, who lived in the camper. old man didn't have any close family and only a couple of fishing buddies who came out every now and then. pancreatic cancer eventually took his ability to do anything alone and my father helped him for a couple of months with chores and whatnot. he died and left my father, a tenant, with everything he owned except for his camper, which went to one of the fishing buddies. my dad didn't know about this until after his death and we went from renting to owning our own home and 3 others, a tractor, two vehicles, and a workshop/wellhouse packed with tools and supplies. these things happen. edit: phrasing",1,,
392760,"you are simply talking about .05% of the league community. also, you can not sit here and claim that you don't get angry with the game. whether you are lying to me or yourself, you know for a fact you can not say that. playing blind pick or normal draft is not stressful and therefore are usually pleasant games. the toxicity comes when doing solo que and even riots records will show this. you say that everyday you deal with stress and this is in fact true. in this situation though you are dealing with real people and if not dealing with people then yes you do rage, and clinch your fist and scream/ do whatever one does when feeling this way. it is normal for every person to do this and in no way am i saying you can solve this problem. there are anger management courses for a reason, because they are well needed. league promotes this kind of attitude not only because it is competitive but because of the time you put into it and the results you get. you may disagree but it really is the case. imaging going outside and having to dig a foundation for a building in your back yard. then before you are finished it starts raining and you can not finish, you wake up the next morning only to find some of the mud has been washed back onto the base of the foundation you have already been trying to dig out. this is an analogy of how the solo que system works and is the main issue with toxicity in league of legends. they say that only 2% of the community is toxic, and out of that 2% 99% of the toxicity comes from solo que. it is simply math, and riot needs to face the problems head on instead of trying to dance around it.",0,"blind pick, normal draft",gaming toxicity
428085,"i too have had a torsion. for me i didn't notice anything until i woke up from slumber around 3am or so i don't remember the actual time. i wore jeans to bed like i have many times as a kid. apparently puberty didn't enjoy this. i woke up with this crazy pain. i went to take a hot shower thinking it'd relax my manhood and things would return to normal. oddly enough my girlfriend at the time and i were talking about the possibility of a guys balls getting twisted up. then soon after that convo i saw the adventure bros episode that was centered around testicular torsions. it was like my destiny to have my fucking nuts contorted like some circus act. going to the hospital was terrible. the doctor put me up on display to interns ""see how his balls are fucked up, yup thats what a torsion looks like"". ""how fascinating doctor!"" this doctor couldn't even do the surgery on me because i was a minor, still had to pay the bills though... so i go on a magical ambulance ride and i notice the paramedics whispering over to my grandfather who took me at the time ""w-what'd he do to himself"". this was a continually mortifying experience. people thinking i'm some weirdo who gets off on messing up my own family jewels. before surgery i wasn't scared at all. i guess i figured this must happen. i was extremely calm the entire time for some reason i had faith things would go right. maybe it was the drugs all i know was i just wanted the pain to end. im glad the anesthesia took me out so fast i didn't like the room i was in at all. very bleak, the room just screams ""we're going to cut into your body"". after surgery i remember waking up thinking ""are... are they still there?"" no one fucking told me i just remember being really lucid. i think the worst part was going to school with this nut support thing on bobbling around in pain because of the stitches. i couldn't come up with a lie to tell people why i was hobbling so much so being a kid i just told the truth when people wouldn't leave me alone. i figured my story would help others avoid the issue. i still had both of my balls but that didn't stop the kids from saying i had one ball. even my uncles would be so cruel to joke with me ""did they give you a nice glass ball""? i coulda stayed home on pain medication but oh no i had to be a good student... the doctors said i was a genius for being able to self diagnose myself right away at such a young age and save my precious organs. so there's that.",1,,
742860,"you know...i sometimes wonder if people with different forms of cancer tell each other that their cancer is worse than the other's cancer? i can just imagine that: ""my lung cancer is so much harder to deal with than your breast cancer because ____.""",1,,
423627,it's like arguing about shades and hues with a blind man.,1,,
908639,"i am reading a lot about all these gunmen that there have been lately. there all so alone. that's what makes them do it. it's the lonliness. it makes you crazy. it makes you angry, that other people won't accept you. you want it so, so badly, but they just don't want you. noone wants you. that makes someone very very angry. i'd never kill anyone, i have enough insight to realise that the reason i was rejected by society is because of what *i* am. it is perfectly natural for people to reject me, i am a loser, a pathetic creature, a defective subhuman. i understand that, and all the anger i have is directed at myself, not at society. i will use it to end my own life.",0,defective,mass shootings
300959,"careful with doing this. this should honestly be considered a form of self harm because it can take you to some really low places. i mainly listen to alternative and pop/rock but this is my emotionally cutting play list post break up.... brand new- ""boy who blocked his own shot"" brand new- ""play crack the sky"" coldplay- ""warning sign"" coldplay- ""sparks"" grace potter and the nocturnals- ""stars"" third eye blind- ""how's it gonna be"" third eye blind- ""background"" dashboard confessional- ""best deceptions"" lifehouse- ""breathing"" a great big world- ""say something"" motion city soundtrack- ""last night"" milk carton kids- ""michigan"" mumford and sons- ""white blank page"" oasis- ""don't go away"" plain white t's- ""lonely september"" weezer- ""only in dreams"" x ambassadors- ""unsteady"" yeah yeah yeahs- ""maps"" this last one hurts really badly with a broken heart. i am warning you... the national- ""i need my girl""",1,,
594589,"don't forget it also wasn't elvis, an alien, or anal probes, but just a guy with a mental disability and someone was drunk. also i want to go to tractorfuck, sounds like a nice place.",1,,
554973,"&gt;don't do this. just go as sole prop and get your hands dirty. especially if you're just developing a web tool or a niche site, the only reason you'd want to start an llc right away is for liability reasons, which your don't have to worry about. . *edit: i should clarify. the work being outsourced to other people is already being done, without needing the money for it (upfront). i know them and they're helping me more because of being my friends and having the skills i need, helping me to get out of this rut i've been in for over a year with disability, etc. the work on my mvp i get for free, future work i will pay them for.* . i would've gone this road, as you (and i suspect, /u/localcasestudy/) suggest i do. however, and please do read me out here. my computer died a month ago. as a photographer, having a computer - especially a somewhat powerful one - is vital, and currently that tool is broken. all that i do on a pc now, is on a borrowed machine and i will be leaving norway (my home country) to go overseas to usa &amp; canada for 6 months, starting middle of may. any work on this project will at that point require me to have a laptop in order to continue working on it. . i also need every single penny i currently have + whatever i make from here till then for rent, food, transport, etc, etc, when i'm travelling and trying to make a living doing photos while working on my business. in order to cut back costs on travelling and replacing my (dead) desktop home computer, i can take the $3,500 (30,000 nok) required to open a company (you only have to put up the capital, it doesn't actually get spent - the new company immediately has it all available for expenses) and pay for these things through the company, as opposed to out of my own pocket. i will then be able to write off all these expenses on my business, and even apply for vat cash-back on up to 20% of overhead expenses through a project run by our equivalence of the irs. the laptop alone, due to requirements posed by my photography part of worklife, will require $1,200+ of the $3,500 (of which i am $700 short, 2 weeks until this money comes in), and if i simply buy it *now* then i will most likely not be able to afford everything i need for the timeline i have set to reach my business' sub-goals by the deadlines set. this does not mean i am not working on the business daily, however. i am acquiring personnel to do for me the tasks i would need a lot of time to do adequately myself. these are not strangers, but people i know dearly and whom are skilled at their respective jobs (which is exactly what i need them for in my case, too, so they are helping a friend out for compensation - i trust their professionalism), enabling them to complete at a much higher level of skill and in a much shorter time-frame. the funds required for having the actual work is minimum, but when it comes to purchasing required pre-made software that has all of the functionalities (or most) of what i want my mvp to include, i have to put aside an additional $300-500. in terms of the total $3,500, it will also cost me $900 to have an account verify the value of said items if i just buy them as a sole prop now, and try to transfer/sell them to my company down the line. $900 that i will never have to spend if i simply setup the company structure and bank account, and purchase everything through there. &gt;i would not recommend software or a complicated website to anyone that doesn't know how to code my website in itself is not all that complicated, but the market is large and currently does not have anything other to offer than individual web-shops. this despite of being a prime candidate for a multi-vendor market in which a large selection, variation of high quality goods, competitive prices, ease of purchase/delivery and everything else will work in favour of a relatively large and thus far under-served customer base. like i said, most my competitors are web-shops (and physical outlets), so i will be the first online marketplace launching for this industry/demographic. &gt;my question to you would be: is there a way you can solve the same problem in this market in a way that doesn't scale? no, not really. the high quality vendors that are doing well already have their individual physical and digital shops. during relevant events, there are also frequent physical marketplaces that take place where more of the (usually local) hobbyist/tiny ""word of mouth"" vendors show up with some of their (also high quality) goods. the biggest value i will be creating for all of these vendors, along with the buyers, is being the first to offer a digital marketplace that makes it easy for vendors big and small to compete on equal terms. it will also take multiple, small fragmented physical marketplaces that are currently not even present online, and provide them with a free and well equipped business front to reach not just more of their local clientele, but also expand to potentially reach a global customer base. furthermore, as this market is so under-served and -developed, the products you usually find in the shops are somewhat... non-diverse and boring at times, when the hobbyists and small-timers are bringing such exciting new ideas to the table. a lot of people that don't even show up to the events in person will all of a sudden be presented with a level of work they're not even aware exists. so no, i think it'll be both a much more challenging and improbable approach to solve this problem in a non-scaleable way, as one of the main selling points of the product i'm offering to my market is the ease of scaling for everyone involved. my $1 revenue will be through commission of having successfully connected a buyer with a seller. thanks for such a long and helpful post! :)",1,,
487564,is that what music for the deaf is?,1,,
353244,"made my stomach twist reading this - really clear image of this narcissist you painted. the entitlement and lack of empathy are profound here. it's utterly ridiculous you should have to feel any anxiety at all about taking care of your sick pet, which is hard enough to deal with by itself without the emotional gauntlet this moron puts you through because, what, he's grumpy and tired getting up for work in the morning? god forbid. good for you for enduring this shitty situation and taking care of your dog on top of it all, that takes strength, hope you can move out soon or something before it drives you crazy. seriously, who the fuck kicks an epileptic puppy? does he tie girls to railroad tracks too? your ndad makes my ndad look like a saint, and that's saying something. (apple seeds can cause seizures in dogs, fwiw. our dog started having seizures until we realized we were careless with her access to apple cores.)",1,,
694436,"i read a book once (apologies that i don't remember the title) about a hippie spiritualist that went to an ashram in india in the sixties and met with a guru there. he claimed the guru asked him about all the psychedelics he spoke of, out of genuine curiosity. he said he showed the guru six doses of lsd, which the guru promptly took before he had a chance to explain the potency. apparently, hours later, the guru told the hippie he had experienced no change in how he saw the world--the idea being that the lsd unlocks something for normal people that he was able to see on his own. i have no idea about any of this but i thought it was an interesting story.",0,normal people,psychedelics
680841,"i did not address this from your prior reply but i meant to &gt; probably because echo europe/amsterdam &gt; /etc/timezone is considerably faster than whatever dropdown menu they can come up with? that is not all you do to set up timezone in arch. to set up timezone in arch you need to follow sections 'locale' and 'time': https://wiki.archlinux.org/index.php/beginners'_guide#locale there is really no excuse for this nonsense. &gt; any distribution that is going to hardcode partition layout and not give the user a choice in this will never be taken seriously in any remotely professional or serious setting. except that every distribution gives you choice to partition your hard drive in case you need to, and you know this. i am not saying that there should not be provision for special cases. i am saying that not automating where you can for 99% of people is stupid. not only does arch not automate where it would make sense to, but it uses this lack of common sense features to sell itself as ""distribution for experts"" which makes it snobbish yet retarded. &gt; and arch doesn't cater to people that would just 'go with the default', that's the point. they don't put it in because virtually no arch user would ever use it. it's wasted effort. arch is designed with people in mind who give a damn about what kind of partition layout they want. not true. arch is sold, not to tiny minority of users with special needs, but as mana from heaven that will turn young boys and girls into stylish movie hackers. most people who install arch have an ordinary pc with a single hard drive. &gt; ehh, excuse me? you constantly interact with your partition layout. no you don't. even if you partitioned hd yourself and edited fstab by hand, then afterwards you should not have to worry about it and it should be totally transparent to you. if you muck around with partition tables and fstab daily than you are wasting time. &gt; the system can't guess how you want to layout and fstab your hdd vs your ssd, if you want a shared boot partition with another operating system installed or not, again, those all special cases that all distributions allow for. if you want to run windows along side of linux (and many people do), or if you have more than one hard drive than yes you may want to muck about with fstab briefly. but... &gt; if you want /home or /usr/local on their own partitions shared with other systems or not, if you want a specific backup partition, how large you want your root filesystem to be and what filesystem you want it to be in. that is the computing equivalent of blowing yourself. why would you run more than one linux os where they share /home? and why would you backup data on the same drive in a different partition? this is exactly what i meant when i said ""computing for it's own sake"" what non-computing goal could there be for doing something like this? &gt; i'm sorry but i very much interact with the fact that i have my partition layout arranged in such a way that large data such as music and images goes onto the hdd and all shit that is not large but needs to be read from quickly goes onto the ssd, my os performance would be kind of dismal without this. i installed mint and accepted default for partitioning, i am running everything in one large partition and i do not have ssd drive. according to you, my system performance must be abysmal, right? truth is if my system was partitioned to get any bit of extra-efficiency, i would not even notice. if you used your more efficient system for a century, you would still not make up the time you spent in creating it. &gt; yeah, or i'm doing it because i don't want to wait an hour and a half for videogames loading because they load of an hdd instead of an ssd really? 90 minutes to load video game from a hard drive? &gt;&gt; but the problem with that is that you could end up not having something that you need. &gt; in which case you will notice it instantly and install it. so removing things you don't need is a total hassle, but figuring out just what you need and installing it is a total breeze? &gt; it is far easier to notice you don't have something you need than notice you have something installed you don't nede which you forgot about, obviously. you are assuming that you know exactly what you are missing and how to install it, which is a big assumption on your part. however, what usually ends up happening is that you end up having to learn how linux does something internally, just to be able to burn cds. how can that possibly be easier and more efficient than having a feature that most people want to use, just working by default? &gt; you think debian and ubuntu made the netinstall for shits and giggles? nobody is recommending ubuntu netinstall to others to install a system.",1,,
472572,"i am going to precede this by saying that i am not any type of medical professional at all. so this is just layman's shit. diabetes really isn't a big precursor of cancer. years ago, there was an advertisement for dow chemical, and their motto at the time was ""we don't make the products you love, we make the products better"". diabetes is like that. if you have a family history of heart disease, then it enhances that risk, and effect. same with high blood pressure, and things of the sort. but some of the conditions that diabetes itself will cause (some of which can be fatal) are gastroparesis, loss of circulation to the extremities, kidney failure, neuropathy, blindness, and things of the sort. hopefully a medical professional will pop their head in the door, and could explain it better.",1,,
379245,"if you aren't a racist or a bigot, you are either blind or retarded.",1,,
148969,"not really interested in gambling, so i never went into a pachinko, i just stood outside and wondered why they all weren't deaf yet.",1,,
726665,should put wheels on those legs. i feel like a dog with wheeled prosthetic legs would be able to move (in urban environments anyways) more efficiently than a normal dog,1,,
310342,"just because you don't need a walker, wheelchair or cane doesn't mean you don't qualify for a handicap permit. you can get one for medical conditions (lung and heart issues, etc.) that make walking difficult. yes, taking up the van accessible spot is a dick move if you don't need the space but let's not judge the people on their appearance.",1,,
309183,"where trump and his ethic has been so terrifyingly successful is in the depersonalisation and ""othering"" of those outside the ""norm"", ie, poc, queer, immigrant, poor, unemployed, disabled etc. we know from other studies that many who gravitate to his politics are low in empathy, and sometimes education (though that can be a problematic take), but he has taken this latent tendency and fuelled it into a raging bonfire. i have had people tell me, calmly and rationally, they they simply do not feel i have the right to live in *their* country, because i am queer, an immigrant, and in one bizarre case because i have a postgraduate degree and ""people like me make him sick"". i have been told, calmly and rationally, by members of my own family that i should be sectioned, or put in a camp, and kept away from children. i have been called a scab and a blight on society even though i have worked my entire adult life in some capacity. it doesn't even make me mad anymore; these people feel righteous in their cause, and they cheer when harm befalls anyone who doesn't fit their concept of ""normal"".",1,,
277321,"well, mute isn't the follow up movie. after moon he directed and co-wrote that world of warcraft movie before doing mute. anyway, different strokes for differnt folks. i enjoyed mute quite a bit, but i wouldn't say it was *great* or anything. but it still wasn't bad, and it was *far* from unwatchable. i mean have you even seen that shitty mummy reboot with tom cruise? talk about a fucking dumpster fire...",0,mute,movie
567345,"my seizures completely disagree. pot is not only better at managing my seizures than drugs like depakote or topamax, the side effects are much less severe. vaping high cbd concentrates also leaves me much more clear headed than any prescription pharmaceutical ever has. a single hit before bed has cut my number of incidents to a tenth what they used to be. i also plan on trying epidiolex (basically pharmaceutical cbd) if and when the fda ever gets off their asses and approves it. likewise i don’t know anyone who takes it to cure cancer. mostly they take it to deal with the nausea and pain that comes with chemo. it’s not a miracle cure, and yes many people are simply taking it “medically” to get high. but for those who have serious conditions that respond well to it, it’s quite amazing. there’s a lot of us with epilepsy, crohns, ms, and a few other conditions that simply respond excellently to cannabinoids.",1,,
817852,"reality check, man. not my situation, but i used to work with very poor people who had a job but could not make ends meet with their crappy salary. they couldn't afford medications or physical therapy, they had a crappy insurance that only covered er visits. these people had families and if they didn't get their paycheck on their payday, they will probably not eat until they got it. on top of that, if they don't pay their rent, they'll be evicted. this is only an example of someone with a job and health insurance.i have hundreds of stories of people on disability, with chronic conditions, or people that don't qualify for medicaid, but are still dirt poor. yes, this is usa....",1,,
190084,"my aunty was diagnosed in 56 back when you had to pee on a stick and wait 15 minutes to see if you’re high or low - she’s very much alive now. technology has come so far there is no reason diabetics can’t live longlong healthy lives - yes we have to put more effort into looking after ourselves but we are in control now - we have the help (the technology). we’ve got this friend, we good.",1,,
790279,"i have to disagree. if someone gets wic for their baby, they get milk, eggs, cheese, cereal, wheat bread, and vegetables. only healthy items. i know my experience with food stamp abusers does not reflect the general public, but there is no excuse to have steak and lobster and energy drinks covered at my expense. if we are providing food to people with no social security number or those without work, they should be required to job search and perform a certain number of community service hours unless they are on disability and receive only healthy items. we need to start to do something about the health of our nation and any little bit helps. and having limited shoulder movement and being bipolar, getting disability because ""it hurts"" or being depressed is absolute bullshit. i work 60-80 hours a week to provide for my family. what the fuck happened to people being proud in this country. now everyone wants a handout. ""help me because i am sad""... build a bridge and get over it. government benefits need to have work requirements and limitations. just like holding office should. sorry but the era of ""being a man"" or ""being a strong woman"" are over. now people that want to play dressup and have gender dysphoria are paving the way for a politically correct nightmare. everyone should work for what they have and stop telling everyone that their feelings are more important than everyone else's.",1,,
748336,"my mother is a nurse, working in a not so well off area, and has multiple stories just like this. she has recurring patients losing toes and feet because apparently they would rather have fast food and sweets than have a foot or mobility. they're never old, they're typically around 50s or 60s. they do have insulin, they just choose not to use it or monitor their blood sugar levels. it's like someone getting a completely treatable cancer and going ""eh i could go get chemo today but i'd rather go see a movie instead"" it's not just a slice of cake, a snack, a cheat meal. it's the reaper flipping a coin. heads you lose a toe. tails you lose your life.",1,,
852525,*blindness intensifies*,1,,
442457,until you remember deaf people can drive,1,,
667046,"i don’t know where you are however in the us aa is ubiquitous and for someone feeling the negative effects of addiction having somewhere to go immediately could be the difference between life and death. depending where you are there could be meetings 24 hours a day, 7 days a week. depending on your financial situation or if you have health insurance, you may have access to therapists that specialize in treating addiction and there are many treatment options. unfortunately there is no silver bullet for treating alcoholism and addiction. aa is a place where you can meet men and women who have struggled with the same issues. addiction is a lonely debilitating affliction. most non alcoholics don’t understand why we do what we do to ourselves, family, and society. aa is first and foremost a support group and like therapy it is not a quick or even good fit for most people. it was founded during a time when they treated epileptics with prayer because they didn’t have the science to understand what caused it. you are at the atheism reddit so if you are not a god person aa will be a real tough thing to grapple with. it was founded on religious principles. i am an atheist as well as a member of aa. i was an atheist long before i came into the rooms of aa and almost 30 years later am still in aa and still an atheist. for me making a connection with people that suffered from the ravages of addiction who were living happy, useful, productive lives was a revelation to me. that connection helped me feel less alone and provided guidance as well as support to do other work to uncover the real reasons for my destructive drinking and drugging. i wish you well.",1,,
343915,uuuuuumm what hahahah while in the uk it’s legal to be married to cousins you understand the risks of having a child with birth defects... it’s huge i mean have you thought about how you’d care for a child with a disability? because the percentage is high if your cousins ?!?! and i mean why didn’t you have a discussion on where you would move before you married ?!? if you married him surely you’d think hhmmm maybe he may want me to move there ? hahahaha i think you both need to compromise and have a big chat about your plans because honestly it doesn’t seem like you’ve thought this through...,1,,
634711,"he did but too late. he spent like a year or so doing alternative medicine which just allowed it to get worse, then iirc he realized it wasn’t working and had a whipple procedure (a frequently used surgical treatment for pancreatic cancer) which bought him some time, and then he bought just a bit more with a liver transplant.",1,,
685685,"as a fellow familial rock, the best thing i ever did was ask for help. there's so much horrible stigma around getting mental health care that it compounds problems. when our body stops functioning as expected, we go see the doctor. it should be the same in regard to our brains. we can only help our family when we are functioning at our best. most providers have sliding scales for payment. i have insurance through my employer that covers my sessions 100%. there was a time where it was cheaper to not go through the insurance and pay out of pocket. i worked with a student finishing her clinicals who was supervised by my psychiatrist. it was cheaper and i got the same benefit. it's okay to ask for help to get to feeling your normal. and all rocks need rocks of their own to lean on.",1,,
221060,"that’s assuming that a cure is your goal. type 1 diabetes can’t be cured, no matter how much the patient adjusts their diet. my diabetic friend is quite thankful for his insulin pump. arthritis can be helped, but it can’t be cured (except perhaps by major joint replacement surgery). my grandfather is quite thankful for nsaids, which make the pain bearable for him. cystic fibrosis can’t be cured. my friend with cf is quite thankful for the lung transplant and the anti rejection drugs that let her keep her new lungs.",1,,
495409,"**1-800-273-8255** [https://suicidepreventionlifeline.org/](https://suicidepreventionlifeline.org/) (for deaf and hard of hearing) &amp;#x200b; if you are thinking about harming yourself, or worried you might. if you are struggling to deal with too much. reach out. these people save lives. they understand, and will not blame you. they are there for you when you fear no one else is. this community loves you. we want you to make it through this.",1,,
294582,that’s fucking terrible. that poor girl. already has to go through life with a “disability” and then has to deal with these human garbage fires beating up on her. you can hear the fear and sorrow in her screams. these bullies need to be ejected from the planet. “we sorry!!” yeah. fuck you.,1,,
724986,"i remember in the military, training for mass casualty events, the first people you wanted to treat were not the most ""fucked"". they were the people who had life-threatening injuries that might be survivable if they got immediate treatment. people who had injuries with very low odds of survival were not treated first, because there was no point on wasting time on someone who was almost certainly going to die. like, if someone's had their brains leaking out all over the place, there is not much you can do for them anyway and they're probably going to die but if someone else has a partially amputated limb, a punctured lung, or an obstructed airway, you might be able to make a big difference in their survival chances if you treat them first.",1,,
484145,"you remind me of my dad, he has long, golden hair that goes to his hips. he's 50, and he hasn't started losing it, but when my mom started to undergo chemotherapy (to treat lupus?), he waited to cut/shave his hair so if mom lost all of hers, she could have his long golden locks. he also cut off a good chunk for his sister with breast cancer. bless your soul.",1,,
555365,"frankly there is a specific mindset that starts around high school until you’re in your 30s that tries to correlate time spent awake as productivity. i would stay up until 3am working some days and applied pride to that behavior. last year i was diagnosed with a neurological disease which eliminated the possibility of working those types of hours. i have basically learned to adapt, and realized it’s okay to sleep normal hours and only work 8-5. the world keeps moving. sleep and downtime are amazing and needed and it’s crazy we live in a society that tries to stigmatize that.",1,,
981801,"now this i disagree with. even with them targs doing it, not everyone would automatically jump to the thoughts his own children are fucking. joffrey was spoiled not insane, i don't care how many kittens he killed, that doesn't make him insane imo. tyrion is heir if tywin doesn't remove him, as with any character be it in television books radio, as cool as he seems would you really like him as a relative? even people who absolutely love their relatives get tired of watching or helping out cripples, nobody would choose one to inherit a country and be commander-in-chief. while tyrion may not have been given the chance he wants,he's also the family drunk that doesn't get along with most, don't forget he also threatened his princely nephew over a homeless prostitute. basically, tyrion has nothing going for him neither looks nor skills, granted this isn't some american household where they'll kick him out by the age of twenty, but he still shames his dynasty by being, look at that lame frey and how others view him for being so. now this being said i agree tywin isn't the smartest or most capable, he's people/street smart coupled with strong will/discipline helped by birth and education, i also believe that as hyped as he is he doesn't buy into his own hype. or to put it simply, he's an average joe in a world of angsty teens. as for everything falling apart, i don't think that's on tywin, more so circumstances beyond his control. everything fell apart for both robert and ned, as is, if people aren't there things often go to shit.",1,,
952163,"i will make a concerted effort to find every customer, and i don’t think i’ve ever had a problem delivering to someone’s door. however, i do know what you mean about the apartment numbers being difficult to see at night. i’m extremely night blind, and some of them are just impossible. if this happens, i always call and text the customer for help. luckily, i have yet to experience not being able to find a place. but sometimes you can’t win, even though you’ve done your best. if i’ve genuinely searched for them and tried to reach them but they don’t answer, i’m starting the timer and marking delivered.",1,,
186448,"this is great if you're not a disabled person. i'm not against pedestrian only zones, but accessibility is a consideration as well. it's easy for someone to say ""fuck cars"" when they're able bodied.",1,,
743724,"any time! :) &gt;as well as catching other dudes in the crossfire with our insults my god, this. a thousand times. if you're an mra or a feminist and you're going to make *any* derogatory remarks about dick size then you're gonna catch these (decidedly unmanly) hands. i will drag the hell out of people over this and my god does it ever get me into some online scraps where i get completely dogpiled by people going ""*uhhhh... you probably gotta small dick. zing!!*"" and not-quite-there-yet feminists doing all sorts of mental gymnastics at me to try and rationalize why it's okay. [tw: suicide] &gt;!boys and men literally kill themselves over that shit, don't tell me it's just a joke.!&lt; rant over. anyway you know like i'm a cis guy who doesn't have any hormonal or genetic issues - i'm squarely a guy in the middle of the guy bell curve. but you absolutely have to believe me when i tell you that *i* have clockable traits - i have virtually no body hair (and i have no east asian blood), i have curvier hips than a typical guy, my skin is smooth as silk (which makes my girlfriend jealous), my lips are luscious and full (not particularly a fan of it but oh well), and i have the hands of an officeworker/sheep shearer. i don't imagine that's going to fix anything, and if you went around trying to spot clockable traits in cis guys you might just end up encouraging that clocking behaviour which might backfire and end up making things worse for how you see yourself, but try to keep it in mind that the ""ideal"" man's body is an incredibly rigid and narrow one and the vast majority of guys don't fit into it, cis or trans. and i'm talking from personal experience here. and i gotta say that hand size is *not* a trait that guys spend much time considering at all. you'll fly under the radar, trust me. the only time that anyone has ever paid attention to my hands is the occasional woman (usually middle aged) whose hand i shake and they grasp my hand and stroke the back of it with their other hand and go ""*oooh, your hands are so soft!*"" and i shit you not this has happened to me way too many times for it to be a freak occurrence. but that aside i've never had any attention directed towards my hands because as long as their clean and they have pretty normal function, people literally take no notice. ...i still can't figure out which iasip character has hand-size hangups but it's been a long time since i last watched it.",1,,
419487,"dahc5891's reply: i think he's right. you could use it as a way to practice self discipline. but it sounds like your stuff is cut with meth to me,me: it's definitely real coke, this level 9 dw vendor wouldn't risk his million dollar business just to sell me a fake 3g bag, i tested it with reagents too. &amp;#x200b; dahc5891: unless you either have a super aggressive personality or maybe you hold it all in and the blow is just allowing you an excuse to let it all out me: actually i think you hit the nail on the head with this one, i was permaban from 4 different schools as a kid yet somehow i turned into one of the most buddhist behaving adults you could meet in london. this must be bringing out the demon i locked away, which is definitely a bad thing and potentially dangerous, my friends dad can also behave very very aggressive. nonetheless this is definitely a different drug to the white powder we get on the streets of london. it was cut with 10% mondafinil which is believed by many to be a safer alternative to cocaine and is prescribed to epileptics by doctors in the us, and 10% mondafinil wouldn't have done anything considering how tiny my dose was and that a doctors dose is 200mg.",1,,
143354,"but at what cost, to make our lives easier ? some people still do, look at sweatshops, cocoa farms or berry farms which rely on cheap foreign labour so that we can have clothes and luxury foods. its absolutely less than ideal. for most of us work has got easier but more mundane and repetitive. our anscestors and our evolutionary past shows we are not designed to just graft 9-5, five days a week. we have roots of simple nomadic lives. i highly recommend a book called civilised to death by christopher ryan which talks about harrowing accounts of colonization and the obsession of progress that essentially destroyed beautifully simplistic but rich lives of certain natives. columbus was in awe with how happy, playful and healthy these natives were, then the spanish explorers destroyed their way of life because gold holds more value than the lives of different people. its a wonder why tribes people in the americas never wanted or willingly adopted civilization, always wanting to return to their way of life. before agriculture labour wasn't a concept, since it's enforcement it has created misery for the vast majority of people for thousands of years. we are nomadic social creatures that like to eat, have sex, play and learn. why do you think mental health problems are so prevalent in these times. just because pre industrial workers had it rougher does that mean selling our precious time in direct competition to each other where the weak or differently abled are punished is any better? once you have read that book i genuinely believe you might see things differently.",1,,
742385,this worries me so much about my dad. he's 62 and lost his mum to lung cancer (non-smoker) at around the same age he is now. however he smokes and doesn't seem to give a fuck. i've been begging him to just go to his gp and do some screening but it's like he's afraid of hearing any bad news so will rather just bury his head in the sand until it's undeniable. we live in new zealand and it wouldn't even cost anything to get himself checked- it's so infuriating.,1,,
709429,"i know it's easy to lose track of who said what on reddit but i specifically said the the moral action is for the sister to move in with op and not evict the family. i am pushing back against some if the language like ""the sister should have saved money!!!"" because we both know that's what rich folks say about poor people who lose income through no fault of their own. i am glad we agree on things like mortgage freezes with those who are struggling and again, i think we probably agree in most other things as well. just trying to advocate for compassion for people in the sister's position, but not over people in the family's position. i totally agree that that compassion shouldn't extend to kicking out a family with special needs kids instead of temporarily living with one's sibling.",1,,
752677,survivor: deaf vs mute i think it would make for a great social experiment and also allow fans with these disabilities a chance to play.,1,,
487766,isn’t he deaf?,1,,
110201,"i’m deaf and honestly, i can’t figure how ‘drr’ sounds like. would be appreciated if you could explain how it sounds like.",1,,
309736,"everyone would have to be deaf, blind, and paralyzed.",1,,
555997,don’t tell me your too blind to see,1,,
129631,"midgets aren't the opposite of tall people. they have a specific genetic condition. just regular short people would be on the opposite end of the spectrum. now, with that in mind, would the average 5 foot tall guy be larger, smaller, or same size? having no formal studies to fall back on, i tend to think naturally tall or short people will be larger or smaller on average, however genetics is weird and all sorts of things could happen.",1,,
437858,"a talking snake, a man who rose from the dead after being crucified, a whale swallowing a man who then emerges unscathed days later, and an 'apostle' healing deaf and leprous people just by touching them? oh, that's all real - but an airborne virus that can infect your lungs and kill you, with plenty of evidence - apparently all fake. if it wasn't for the fact that these idiots are risking all of our lives and destroying the economy, i'd call it the 'stupid plague'.",1,,
454723,"your story is very similar to my 3yo son. he was diagnosed at 10 months with polymicrogyria causing left hemiplegia. like you, he also had a rough entrance into the world at birth. before we found the pmg, we also thought the cp was caused by ischemia at birth. now we know that my wife contracted cytomegalovirus (cmv) during pregnancy which caused the brain malformation pmg on his right brain. cp is the result of that malformation in the form of left hemiplegia. so from what i understand... brain damage, or a brain malformation in utero, that causes some type of life long physical paralysis would in fact be cp. the cp umbrella is pretty much, a cerebral issue that causes any type of palsy hope this helps.",1,,
444605,a woman who was clearly on drugs not believing that i was blind even though i clearly am blind and it can be seen by anyone who can actually see me.,1,,
715540,"site admins(the ones who don't do it for freeeeeee), not the subreddit mods, have suspended cringetopia users for the following comments: * this shit is gay. * darn those homosexuals, trying to turn us all into satan worshipping anarchists with their homosexual wafts coming from the windmills!!1! * officially the gayest shit i’ve seen all year * he now looks like a gay hobo * i didn’t mind until attack on titan. that shit not gay she gay * nice, bro. using autistic as an insult is really gay and lame. it's offensive to people who have autism. stop being such a woman and a gay pussy. oh wait... i think i fucked up. edit: /s i guess some people actually thought i was being serious so i added this. * ngl this shit kinda gay * well fuck the race shit let’s ask why danny looks gay asf let’s address that shit first * gaybox players are fucking delusional * satire, no one hates gay people and niggas unironically * i killed more nazsi on battlefield 5 than dicks you have sucked * as a gay person you're a fucking idiot * yeah, though i don’t find offence in much stuff unless it’s like a direct insult like “fuck you kill yourself you autistic, useless fag that lives in your mums basement” * fuck, they found out the gay mist and now this. i do hope they don't find out the gay teletubbies. * why do all these people look unnaturally fucking weird?!?! like they all got plucked out of a videogame created by a gay, demented troll. * so glad gay pups arent doing this shit. every video i've seen it's been straights * not gon’ lie that’s pretty fucking gay * this is so fucking gay * have you ever fucking been to gay tiktok those fuckers do shit like this all the time its obvious satire * he's not exactly incorrect, most kpop music has a homosexual aura to it if you can bare to listen to it you stupid fuckin stupid fuckin ass fuckin stan * not gonna be alpha of shit with that gay ass hat * satire and hilarious. you have no taste you gay bastard * damn man i’m a mod and even i think this is kinda gay * furry is cringe haha we would rather you keep your account so your comment has been removed. thanks. also, aeo eats vegan diets and pisses boxed pinot grigio. *i am a bot, and this action was performed automatically. please [contact the moderators of this subreddit](/message/compose/?to=/r/cringetopia) if you have any questions or concerns.*",1,,
718065,"age is not an indicator of disability status. the woman in the picture looks to be in her 40s or 50s and seems to expect a seat because she is apparently ""elderly"" but not disabled. also, plenty of young people have disabilities and not all of them are visible. my sister is 12 and has an invisible physical disability so it's always frustrating when ""inconsiderate"" people like this woman assume she is able bodied just because she is young and and can walk.",1,,
745096,"&gt; to be fair your speech followed the typical rhetoric of someone who votes more red but doesn’t tell anyone they did i've never voted. i'm talking about fighting. i don't see the dems fight, like ever. have they ever leveraged a military budget? sanders is their only member that fights. the reason is because they don't mind the gop getting whatever. the dems just like manners and taking the public high ground while giving in all the time. maybe they'll pass means-tested meaningless scraps to the middle class at most. &gt; but it’s not like the gop is much better at passing things as a whole. look at the supreme court. it's about the big things, not the number of bills passed because most are meaningless (even tho the gop leads those by a mile). and all this while fucking people over with redistricting to even get elected. are the gop great at politics? jesus no. most are fucking idiots. gaetz is a high functioning mentally subnormal dunce. so i'm talking about fight. they fight for their evil shit. the dems don't. they ""pay witness"" to this declining empire sliding into garbage. they run a senile conservative rather than give us national healthcare. they simply don't give a shit.",1,,
957023,"if you consider the eyes as a gateway, please do implement seeing aids, such as glasses, as amplificators for this. and if someone is blind, but still has his eyes (which often turn white, i'm no expert on blindness) then this could mean, that he's supercapable of using them as his gateway, since he's not distracted by what he sees.",1,,
214768,"23m nonsmoker sclc chiming in. sclc is highly agressive which in turn means chemo starts off very effective. since he manages the side effects well and there's no paraneoplastic disease you guys should have quite some time at decent quality of life to get things sorted out. of course you're right regarding survival rates. regrettably medicine has not advanced that much in sclc care during the past 20 years. however, palliative care did, and your father will enjoy higher quality of life even as his health eventually declines. some things that may help him: * the most important thing is keeping his spirits up. i'm not talking about the ""stay positive, it's going to be alright, you're a fighter / warrior / whatever"" stuff but making him feel his life worth living. once people stop leaving their bed or at least using their head things go downhill. of course you're supposed not to overdo it when suffering from fatigue, but consider taking walks with him (depending on his health). * talk to him a lot. relive memories and get him a bunch of framed pictures. he loves his family, seeing them happy will make him happy. let him vent, cry, laugh, express himself. he wanted to be a great dad and the way you talk about him he succeeded, tell him! * consider getting psychooncologic staff involved. they help patients and their loved ones cope and have plenty experience doing so. most hospitals with a cancer ward have them. * food tends to be bad in hospitals and chemo makes things worse. multiple small but high-energy meals can help prevent weight loss. consider bringing a small gift for the nurses. if they're feeling happy that'll be nice for your dad, too. * encourage him to ask the docs to change up medication that doesn't work. there's dozens of anti-nausea and pain management options available. * allow him as much freedom as possible. cancer makes you feel helpless. try not to force your values or wants on him so that he may express himself freely. of course everyone's different. your father is probably from another country and more than three times as old as i. so make sure to ask him what will help and think about his personality and past to work something out. you know him better than anyone on this sub. finally, do proper self-care. dealing with cancer is hard for everyone involved. i certainly noticed when people got uncomfortable or felt unable to cope.",1,,
753744,also he isn't using a handicap walker anymore. imagine that.,1,,
767950,"raised in 50s and 60s. not raised by tv. was only allowed 5hrs tv a week. in new mexico there were only 3 channels anyway. cartoons 30 mins a day. news 30mins a day. both parents smoked. smoking was actually everywhere until the 80s. partners living together was taboo, being gay was in the closet. abortion illegal, the ”pill” wasn’t common till the late 60s. women were housewives and divorce was looked down upon. litter was plentiful. “hippies” brought attention to this. as kids we played alone all over the neighborhoods with no fear. only rule was be home before dark. there were no “safe” toys, no second hand smoke, no rules for pregnant women(ie smoking drinking), no worries about polluting, mental illness was a weakness, handicapped people had no ramps. the viet nam war brought home a lot of injured, only then allowances were made. fun time",1,,
498138,"i can't believe you went this far with this many paragraphs to deny the reality of that single picture so well. i went back and looked at it, and its not even height alone that's the difference, it's actual puberty development too. paragraphs and paragraphs to try to cover yourself over these unbelievable errors.... stating that the united states is a race, ....that diet has nothing to do with height in children. ...and there is some genetic natural dwarfism for salvadoreans (what race is that again exactly? it's a nation, not a race, fyi also mestizo is mixed european and native, so again, no explanation for how a bunch of 16 year olds who are half white can be all under 5'2 and look developmentally like they still haven't even had their periods.) ....and to top i'm the angry miserable person? this entire post is desperate. including the spelling call outs (lolol you got nothing else to say.) i have a military recruiter friend, guess who the dumbest person he ever tried to recruit was? a guy with a masters degree in stem. failed the military test 3 times (ps: its a really really easy test.) your knowledge is memorization, not understanding. enjoy your paper mill ba degree that has you still doing internships : )",1,,
313823,as a non color blind person let me say….i have no idea what’s going on. this is clearly colored and the op is claiming it's not,1,,
602190,"no, you lose it automatically. my sister has never held a license for more than 3 months because of that law, and yes it is a law. they take the if they get caught driving after, they don't just get a further suspension, they also get the car impounded. but don't believe me, believe the [nzta](https://www.nzta.govt.nz/driver-licences/getting-a-licence/medical-requirements/epilepsyseizures-and-driving/)",1,,
461091,"several months ago, community managers at bioware swtor launched a request for disabled people to come comment on the swtor forums about how to make the game more accessible to disabled players. keep in mind that almost all of their suggestions (go read the forums on those posts) absolutely necessitate a new or upgraded graphics engine, if the developers ever intend on fixing or making those suggestions (like for those who are color blind, etc...) come to life. if bioware austin was indeed serious then here's hoping we get 64-bit and directx 11 or 12 (or maybe vulkan if we are lucky!!!) game client, while they're at it! the easiest way to a better graphics engine is for the devs to just return or retro-fit to the new and un-forked version of hero engine which already supports directx 12 and 64-bit!",1,,
576901,"no, this is something people have complained about before on twitter. apparently giving cancer patients mastectomies before the ""dysphoric"" crowd is bigotry. 🤡🌎",1,,
117993,"off the subject, but i really wouldn't have much problem with ""food stamps""/snap if it was limited to fresh vegetables, fresh meat, beans, rice, etc... for everybody, even. not just poors. i wonder how many people would learn to cook at home if unprocessed ingredients were free. i have never met an obese person who didn't consume processed foods or fast food. i wonder what the cost/benefit analysis would look like when factoring in the cost of healthcare for obesity and diabetes.",1,,
705353,"cheaters always have a legitimate excuse and gaslight like crazy: 1) we only held hands 2) he tried to kiss me but i ducked 3) well, he put his hand down my pants, etc, etc. 4) we had sex but i didn't like it or orgasm afaik, being on recreational drugs and/or alcohol lowers your inhibitions, but they do not make you do ""stuff"" that you didn't want to do to begin with. the real reason that affairs happen is because the participants wanted it to happen. are you sure this was her first rodeo? the main thing right now is to eat, sleep and stay hydrated. and stay away from drugs and alcohol. you can't make good decisions if you are impaired. i would insist on both you and her get tested for stds. i would also tell her that you are going to do a paternity test on your daughter. this is more to shock her into realizing what damage she has done to the family more than anything else. and do not stay married if there's no way you can forgive and live with the infidelity, as 2 happy homes are much better than 1 unhappy one. kids pick up on tension and bickering more than we realize. if the drugs and alcohol is or has been a problem, she needs to work on that aspect of her life. and by all means, stay away from that cousin or anybody else that knew anything about the affair and didn't say anything. i have a feeling that she was about to get busted is why she came clean.",0,impaired,substance use
886458,"i have absolutely no goals. i want to be thinner, but i struggle with my body image, so i don't really see that as a goal for exercising. what i do have, though, is chronic pain and adhd, and the symptoms hit so much harder when i don't exercise, it's insane. if i go too many days without training, my day-to-day functioning ability starts actually getting impaired, it's insane.",1,,
136462,"you have an impairment that does not prevent you from performing your job, you do not even need an accommodation to continue doing, and your employer (possibly) has more than 15 employees. that is an important number, by the way. your job should be protected from termination due to your current disability. talk to an employment attorney about the potential for a wrongful termination case. on the phone call, do not threaten them with a lawsuit. don’t even mention the possibility. it costs you nothing to tell them you’re considering it, but it may give them ammunition to try and protect themselves. what you might or might not do is your business, not theirs. document everything you can from the conversation, who said what, when, and their exact words, if possible.",1,,
612051,i thought his explanation on double blind controlled trials was a good lay overview. can't believe russell would admit he didn't know before what it was though .. ffs how can you be so confident to opine on covid without understanding that?,0,double blind controlled trials,experimental method
341044,"i only had a month in rehab after a month in icu. and it took about a year of teaching myself and watching youtube videos of how other paralyzed ppl were doing things to get to where i could just care for myself fully. my pt after rehab was trash and we barely did anything there that gave me anything additional to use in my arsenal. she had a really great... ahem, posterior so i kept going until my insurance cut my pt and ot both about 7 months in. from that point i was already transferring and driving and dressing myself thanks to youtube. so i have been able to work out a lot more. i'm glad i'm not a heavy guy but i've still lost a lot more weight and definition than i can be happy with. such is life. i'm trying to get a standing frame and off road wheelchair next. but nothing is ever going to be easy or effortless again. i'm 2 years in as a t6 complete now and still feel trapped by circumstance a lot. but i also finally feel capable of being semi self sufficient again. but no i did not get that from my rehab facility. when i left i could barely transfer. was still hooked on heavy pain meds, couldn't do a dip to do pressure relief and to top it off my turtle shell brace they made me wear for 3 months was giving me a sore on my spine that wound up going straight to bone before i was able to get a good skin treatment team in a hospital after discharge. i had begged my staff at the rehab facility to have me refitted for a new brace but they refused citing insurance and whatever else. i left with a very bitter taste in my mouth and it wasn't until i met other people with sci in chairs that i realized what things were still possible. like swimming and the sort. the movie murderball actually taught me a ton about what we are still capable of and i saw some things in it that gave me some ideas of techniques i should use to make things easier in my own life, it's on prime and i recommend it. sorry this is all over the place now so i'll end it here. tldr: no i don't think rehab set me up fully for going back into the world. but through strength of will, good people in chairs around me, youtube, and a few movies i've learned a lot and now feel a lot more confident in my abilities to survive.",1,,
816504,"you realize that 200k isn’t the take-home right? we have overhead costs, malpractice insurance, disability insurance, and taxes. it’s more like 80-90k.",1,,
455493,"the hair, the eyebrows, the eyeliner, the mouth pout, the walls, and all the clutter everywhere!! this, would definitely get me interested in her, if i was a blind man...",1,,
455732,"celebrities walking it back and apologizing doesn't contradict me. it is a product of globalizing culture, and the far reach of people with a huge media presence. it's horrible that you were talked to that way as a child--if it was truly every day it sounds like you were poorly supervised but that was the norm in our day i suppose. i'm around the same age, and i'm telling you no one ever said ""spazzy"" to mean anything other erratic or jumpy in my experience. it's not like i recall it being a common phrase anyway, and there were lots of kids with disabilities in my elementary and high school days of the very unkind 80's and 90's. i'm aware of the medical history now, but i was in my forties before anyone ever mentioned the connection to cp or other medical conditions. maybe it's a regional thing, but i guaraaantee you my experience was not atypical. in looking it up, i discovered how different that is for britain or other commonwealth regions, but again that's no reason for speakers in the u.s. to know it (anymore than saying ""bollocks"" would be taboo in the u.s. it simply means nothing here). lizzo meant no harm and didn't know; she went through the same discovery/research process i imagine, and adjusted accordingly. it really just demonstrates the point i'm explaining which you yourself are dismissing. it's this lurch to frothing accusation that you have that's just preposterous and yes i do dismiss it. it has no resemblance to racial slurs that are cruel and disrespectful to a much more intense degree, and don't have a recent linguistic trajectory like that. hyperbolic, false equivalency, and frankly embarrassingly bratty for someone our age.",1,,
368331,"haha, got it. 😊 i'm trying to get to the bottom of why it feels like a lie for some of us. it's not like we're not who we are and present ourselves as. the history of how we came to be normalized, why is that anybody's business? if anyone was born deformed in any other way, would they have an obligation to disclose their normalization surgeries or the specifics of why they were performed?",1,,
524881,nobody: special ed kids,1,,
159715,"does anyone else have that feeling when you get on a particularly high escalator that you might fall forward? then you think about the sharp edges of each rotating step and how much damage it would do to you. not to mention the countless people in front, including the old lady you are now imagining has sole care of her terminally ill husband and what a wipe out would mean for that family. then you're all teary on an escalator with impaired vision and afraid to move in case you fall? no? just me? *edit - spelling",1,,
788128,all the people saying it's ridiculous we don't have year round public toilets in all public places need to get with reality. operating public toilets costs money who's going to pay for it? that's why public parks with toilets generally have an entrance fee. porta potties cost money $1000 per week for the shitty ones probably more because they'll need to be cleaned daily instead of weekly are disgusting and an eyesore. i feel for the people who have bowel or bladder issues but we can't make the wild disability friendly i'd love to take my paralyzed family member on hiking adventures like we used to but that's not how life works. if someone is shitting in public call the police non emergency it is illegal. we have bigger issues that need to be addressed. the things we need such as mental health support and transit are much more important than things we want.,1,,
539322,"my grandpa served in the airforce as a mechanic. he went deaf in one ear from the engines, so he was considered a liability. never paid for the damage. then he transfered those skills to the army. while on shift, he was working on other government land and broke his foot. the army refused to pay for it. demanded that it was on government land and wanted the government to cover it they refused and offset it back to the military. no one paid and he was unable to serve any longer. a few years later, he developed non-hodgkin's lymphoma and they eventually sourced it to the water from the based in arizona. he died at 56. by the time there was a suit and settlement, he had been dead for over 15 years and my grandma thought it best to just let it go. my mother, however, never forgives the service for how it used him up, chewed him up and shit him out. good luck out there man.",1,,
734392,it's for deaf peoples,1,,
914175,can't see who or what they're going to do to you.. i also like using earplugs so you can hear either. just a deaf dumb and blind fuckpig to use,1,,
705723,"are you aware that autistic people often mean no harm but have no clue what they said was inappropriate or offensive? other types of impairment can create this obliviousness as well (e.g., mental disorders that cloud awareness or cause involuntary actions, an abusive childhood that normalized a bad behaviour to the point where they don’t realize it’s not normal.) someone from another culture can behave inappropriately in the eyes of those outside their group. heck, even having a really bad day can make people say something shitty. you’re living in a bubble if you assume that everyone is innately aware of every social rule in every setting. shunning people under the assumption that they deliberately chose not to be nice discriminated against those who need a head’s up about social or cultural rules, and deprives them the opportunity to learn / improve. i personally provide an explanation to each person with whom i chose to cut ties, and address inappropriate behaviour directly, under the assumption that *not everyone knows what they did wrong and why it’s wrong.* if they don’t improve after receiving a wake-up call explanation, i let them know “you’re doing x again. i’ve had enough. goodbye.” i’m not forcing criteria on others. i would expect anyone with an iota of compassion and fairness not to take gossip at face value. usually, rumours are spread out of malice, not well-intentioned whistleblowing, particularly if done in public. that is slander. the mods ought to have examined the accusation. a photo of the asian female op holding a piece of paper with their username would suffice to dispel the rumour of a white male troll. op was bullied, then permanently banned over a lie despite never breaking a rule or behaving badly. talk about blaming the victim. as regards my dictator remark, certain mods do go on power trips. they enjoy having unlimited control in the fantasy world of the internet way too much. maybe they feel powerless in real life and this is their outlet. they are forcing their unfulfilled needs on the innocent. mods are guardians of a community. in a way, they are a court of law online. if you have an ethical sense of justice, you don’t sentence someone to a subreddit’s death penalty (the permaban) over a rumour. come to think of it, dictatorship isn’t the best analogy in op’s situation. this is more of a medieval witch hunt scenario. an accusation of witchcraft from a spiteful villager was enough to stain them as ‘guilty’ and get them burned at the stake. no investigation required. disheartening that this pattern of punishment is repeating on reddit of all places.",1,,
917415,"if you think all he was is a blind pretty boy, you were playing the game with your eyes closed and your ears shut",1,,
182961,"stage 4c cancer patient. can confirm all people on opiods are treated like this. i ended up in hospital in agony from my tumours pressing on my nerves, and the doctor in ed was appalled i wasn't on pain relief. prescribed me 2.5/5mg targin and 5mg endone for breakthrough pain. i have to take 2 a day, and you only get 28 tablets per script, so i have to see (and pay) my gp for a new script every fortnight. gp and pharmacist treat me like a leaper.",1,,
537183,"no i know people who work there! the problem with the left is they dont understand where wages come from. if i can hire you for sub minimum wage, it just is better than having to pay for daycare, it gives them a place to go, people to see, a routine. parents that have them in the program love the program. i get that there historically bad ones as well, but the one i know of is a nice place for them. it may be seen as ""less than minimum"" but for some people its a good option if they would have had to pay for a daycare service at a much higher loss than getting paid less than min. the pay was based off of statistically validated studies that show how fast a non disabled person can do a task. so technically if you were autistic with many needs, but performed the task, you could get paid more than the base pay. (base pay is not minimum it is based on the average wage for similar jobs in the area or ""prevailing wage"").",1,,
715758,"poor op. i’m not gonna judge you, adulting is hard and we all struggle with it to some extent. but you posted this and now you have to face the music. others commenting about diabetics and mold problems elsewhere and humidity… could be things contributing here. but they are not the real problem. this is not the toilet of a person who “cleans and cleans.” you’re lying to yourself. maybe the mold comes back faster than you’d expect. but it’s a toilet. you pee and poo in there. mold, grime, bacteria, etc. are of course going to come back. no matter how well you cleaned three months ago. clean your toilet, op. there’s no mystery here. that mold took a while to grow, and the state of the rim, including the mess and hair, prove that you haven’t cleaned for a long time.",1,,
797517,"so, you say you're not adhd, but it sounds to me like you very well may have it. adhd is highly genetic, your kid gets it from somewhere. it doesn't necessarily mean that either of and adhd kid's parents have adhd, but it does mean it runs in their family. many adults are being diagnosed in recent years, and it's not because they've suddenly developed it; that's just not a thing, you're born with it as it's a neurodevelopmental disorder. the only reason so many of us weren't diagnosed younger is because the understanding of adhd wasn't very good back then. we now know that it's not just hyper little boys, and also that they won't grow out of it when they get older. the closest we get to growing out of it is developing coping strategies to help us stumble through life. you took the adderal and felt, i imagine, relatively ""normal."" it made you able to function the way an adult is expected to, yes? that's a good indicator. as for how i got on vyvanse, i have always known adhd was very likely, especially having had it suggested by teachers and a counsellor when i was in school. i figured i was fine since i was getting through life...barely. i just assumed it was that hard for everyone. i finally decided that i was tired of stumbling through life, and had been learning a lot more about adhd, which lead me to realise just how much it was impacting my life. it was so much more than i thought. so, i went to a doctor and asked for an assessment. they referred me to a psychiatrist. i can't afford the extensive assessment, so had a free one done that checked me for basically every condition out there, and the psychiatrist decided i just had anxiety and depression, which do cause adhd-like symptoms. he also said i was a smart kid, so adhd was far too unlikely. so clearly he was still on the old belief that it's a learning disability, which it's not. i did try treating the anxiety and depression for nearly a year before deciding that my anxiety and depression are mostly cause by the adhd, not the other way around. so, basically like what you're going through right now, which is good because you've already gone through the steps of trying antidepressants first. venlafaxine made my anxiety go away, but it made everything else go away too. i was not okay with the apathy. wellbutrin helped and continues to help, but not very much. i still had all the adhd symptoms, which lead to feeling anxious and depressed. i decided to go for a second opinion, started seeing a new mental health provider, and she not only agreed that i was right to seek a second opinion, but she was surprised the previous psych couldn't tell just from seeing and talking to me. she picked out a psychiatrist for me and sent in the referral. he is an amazing psychiatrist. he also agreed i've likely got it during our first appointment and started me on stimulants right away. we still haven't finished with the diagnostic process, because i don't have a few grand for the specialised assessment, but he's treating me for it in the meantime. and let me tell you, it has been life changing. he also can give the diagnosis without the expensive assessment this way, we just have to wait until i've been medicated long enough and notice all the changes that should come with medication. so far, especially since increasing my dose last week, it's absolutely doing what it should for an adhd brain. my advice for you and your journey to get diagnosed, do not tell any medical professional that you tried adderal. accident or not, they do not like to hear that. just tell them that your kid has adhd and you've been learning a lot about the condition, which has lead you to start noticing a lot of the symptoms in yourself. tell them you *feel* you have adhd, not that you think it - this was the advice of my mental health nurse. be prepared to give examples of your struggles. if the first psychiatrist disagrees with adhd but you still feel you have it, seek a second opinion. vyvanse has been shown in studies to work on treatment resistant depression, so even if you don't have adhd, it is possible to get it prescribed. you'd just have to have failed with a lot of antidepressants before a doctor might consider giving it to you off-label. i do think you probably have adhd though.",1,,
661000,"cancer might be difficult to diagnose - we had the same problem with mum. several locums, all prescribing drugs to counter side-effects of the current prescription for several weeks. turned out she had spinal cancer. difficult to diagnose, fair enough, but why hadn't they at least done an x-ray? stitch in time etc. a friend was in the merchant navy. he kept going to their medics with blinding headaches. they fobbed him off with painkillers and eventually accused him of being workshy. one friday afternoon, he'd called in at the health centre for some help and was told to come back on monday. a brand new doctor, not due to start till the monday, commented ""he'll be dead by then!"" turned out he had a brain tumour - benign fortunately - but they very nearly killed him with their indifference. same happened to my husband. 5 different medics kept fobbing him off. it was my pharmacist friend who, just on hearing his symptoms and without the benefit of a list of his meds, exclaimed ""but those are classic signs of sodium deficiency!"" they'd literally overmedicated him to half an inch of his life. ye of little faith? that's me!",1,,
531692,the most likely scenarios - he’s literally back to normal post vampirism nothings changed whoopdidoo - he’s a vampire still - he’s not quite back to normal post vampirism but between yosano and deus ex machina he’ll get there in like an episode the scenario i want to happen - he remains blind and gets actual character development as he has to face a challenge unlike any other he’s had too so far (and as a bonus i feel like either a talk with jouno or a learning to use his ability to help him see would be in order),1,,
306965,"if you're at the point where you need to leave altogether, and you need to get unemployment, your best bet is to get yourself let go. take all the sick days you need, and allow your health problems to affect the quality of your work when you're there (ex. if you're having a 40% day, give 40% instead of trying harder and having to recover all weekend). if you can't work, let it show and it will get you let go before too long. if this is leading to you possibly needing disability, start documenting everything now. including, if you can get it, any reason for termination. ""too many sick days to be employed"" may help your ssdi case later. also, consider filing now- if you get better you can cancel, but if you don't you will be glad you filed earlier. i regret that at my last real jobs i let them ask me to leave voluntarily and just kinda slunk away without trying to fight and unemployment. it could have made a big difference, being so unable to work and so ill from pushing too long, i was homeless and penniless within a few months. i also regret not filing for disability 6 years before i finally did.",1,,
212320,"^^^^automod ***thanks for posting! this comment is a copy of your post so readers can see the original text if your post is edited or removed. this comment is not accusing you of copying anything. read [this](https://www.reddit.com/r/amitheasshole/wiki/faq#wiki_post_deletion) before [contacting the mod team](https://www.reddit.com/message/compose?to=%2fr%2famitheasshole)*** for context, i was having major anxiety/depression and was considering leaving the game, since i felt unwanted and unwelcome. one of my teammates from swim, tom (fake name), told me to ""stop entering conversations you only hear a fifth of"" and i was considering just leaving and going home. i decided to stay, but was quiet and alone for the rest of it (i moved away from them). wibta if i left the special needs basketball game right then and there? *i am a bot, and this action was performed automatically. please [contact the moderators of this subreddit](/message/compose/?to=/r/amitheasshole) if you have any questions or concerns.*",1,,
451358,,,,
